K.n[305.21]AFWMAIGGDRDEIEGLS[167.00]S[167.00]DEEH.-_intensities	K.n[305.21]AFWMAIGGDRDEIEGLS[167.00]S[167.00]DEEH.-_groups
14.96714689	0_min
14.80890859	2_min
13.99045809	4_min
13.97671076	8_min
12.87487154	16_min
13.87759399	32_min
13.9076438	64_min
15.60108676	128_min
9.925684881	0_min
9.872903519	2_min
8.637307467	4_min
8.776407661	8_min
9.508042103	16_min
9.117295831	32_min
9.114241078	64_min
10.03903036	128_min
5.959484043	0_min
6.009575101	2_min
5.793350951	4_min
5.178065171	8_min
5.895763418	16_min
5.909544584	32_min
6.179253279	64_min
4.272861115	128_min
