K.n[305.21]AFWMAIGGDRDEIEGLS[167.00]S[167.00]DEEH.-_intensities	K.n[305.21]AFWMAIGGDRDEIEGLS[167.00]S[167.00]DEEH.-_groups	K.n[305.21]SSGSGSSVADERVDY[243.03]VVVDQQK[432.30].T_intensities	K.n[305.21]SSGSGSSVADERVDY[243.03]VVVDQQK[432.30].T_groups	-.n[305.21]MRK[432.30]ET[181.01]PPPLVPPAAR.E_intensities	-.n[305.21]MRK[432.30]ET[181.01]PPPLVPPAAR.E_groups
14.96714689	0_min	1.660093636	0_min	8.738314063	0_min
14.80890859	2_min	12.80880732	2_min	8.888755839	2_min
13.99045809	4_min	9.174366925	4_min	7.702404595	4_min
13.97671076	8_min	10.46503183	8_min	9.320673272	8_min
12.87487154	16_min	10.19178825	16_min	8.225190355	16_min
13.87759399	32_min	7.683601506	32_min	7.64346417	32_min
13.9076438	64_min	6.088834741	64_min	8.555515092	64_min
15.60108676	128_min	4.744818266	128_min	9.764893418	128_min
9.925684881	0_min	2.263836167	0_min	5.820502578	0_min
9.872903519	2_min	13.23972361	2_min	7.117996671	2_min
8.637307467	4_min	9.117335054	4_min	5.213164816	4_min
8.776407661	8_min	11.25390364	8_min	7.356434048	8_min
9.508042103	16_min	11.20887863	16_min	6.037230868	16_min
9.117295831	32_min	9.593471852	32_min	8.154696562	32_min
9.114241078	64_min	6.715460113	64_min	5.050137297	64_min
10.03903036	128_min	4.875565481	128_min	7.160845223	128_min
5.959484043	0_min	2.881097328	0_min	7.597088254	0_min
6.009575101	2_min	11.4100247	2_min	7.391547129	2_min
5.793350951	4_min	9.807338844	4_min	7.082577604	4_min
5.178065171	8_min	9.150373071	8_min	7.024667782	8_min
5.895763418	16_min	9.998731895	16_min	5.836123112	16_min
5.909544584	32_min	7.679785844	32_min	8.090445506	32_min
6.179253279	64_min	6.53416828	64_min	7.673296189	64_min
4.272861115	128_min	5.533225781	128_min	9.138395139	128_min
